keyword,intent,priority,used
50/30/20 budget rule explained,educational,high,yes
zero-based budgeting vs 50/30/20,comparison,high,yes
emergency fund how much is enough,educational,high,yes
high-yield savings account vs regular savings,comparison,high,yes
what is dollar-cost averaging,educational,medium,yes
index funds vs mutual funds,comparison,high,yes
what is an expense ratio,educational,medium,yes
debt snowball vs debt avalanche,comparison,high,yes
how compound interest works,educational,high,yes
Roth vs traditional retirement accounts,comparison,medium,yes
what is a credit utilization ratio,educational,medium,yes
sinking fund vs emergency fund,comparison,medium,yes
how to build credit from zero,educational,high,yes
budgeting apps compared,comparison,medium,yes
what is APR vs APY,educational,high,yes
